user_name,user_nfollower,vid_id,vid_caption,vid_postTime,vid_scrapeTime,vid_duration,vid_nview,vid_nlike,vid_ncomment,vid_nshare,vid_nsave,vid_hashtags,vid_url,music_id,music_title,music_nused,music_authorName,music_originality
zinh9889,74.8K,7474667298419182856,,2025-02-23 17:26:38,2025-06-05 11:01:49,00:23,4.3M,104.3K,822,1234,4836,"搬啤酒的小女孩, 反差, douyin抖音, douyin, viral, thinhhanh, vinh98, fyp",https://www.tiktok.com/@zinh9889/video/7474667298419182856,7474667344410413841,nhạc nền - Dinh,21 videos,Dinh,true
zinh9889,74.8K,7453757971894390024,七彩祥云 美爆了!,2024-12-29 09:07:46,2025-06-05 11:02:08,00:22,17.3M,1.6M,17.7K,176.9K,132.8K,"pháohoa, phaohoa, 烟花, 七彩祥云, 浏阳烟花, douyin, douyin抖音, viral, thinhhanh, vinh98, fyp",https://www.tiktok.com/@zinh9889/video/7453757971894390024,7453758014275013377,nhạc nền - Dinh,4508 videos,Dinh,true
zinh9889,74.8K,7434773480547159297,Bạn gái dỗi rồi nên ...,2024-11-08 05:18:14,2025-06-05 11:02:26,00:16,1M,27K,1725,18.1K,1250,"funny, funnyvideos, haihuoc, douyin, xuhuong, xuhuongtiktok, giaitri, viral, thinhhanh, vinh98, fyp",https://www.tiktok.com/@zinh9889/video/7434773480547159297,7434773556490095377,nhạc nền - Dinh,5 videos,Dinh,true
zinh9889,74.8K,7512114633847655687,,2025-06-04 15:21:25,2025-06-05 11:02:44,00:24,2193,228,7,3,14,"搬啤酒的小女孩, 反差, douyin抖音, douyin, viral, thinhhanh, xuhuong, xuhuongtiktok, vinh98, fyp",https://www.tiktok.com/@zinh9889/video/7512114633847655687,7512114667532733200,nhạc nền - Dinh,1 videos,Dinh,true
zinh9889,74.8K,7510999028776176914,,2025-06-01 15:12:18,2025-06-05 11:02:59,00:24,34.5K,2164,63,23,158,"搬啤酒的小女孩, 反差, douyin抖音, douyin, viral, thinhhanh, xuhuong, xuhuongtiktok, vinh98, fyp",https://www.tiktok.com/@zinh9889/video/7510999028776176914,7510999059516525329,nhạc nền - Dinh,1 videos,Dinh,true
zinh9889,74.8K,7509884368173780242,,2025-05-29 15:06:51,2025-06-05 11:03:13,00:22,25.8K,1754,64,28,130,"搬啤酒的小女孩, 反差, douyin, douyin抖音, viral, thinhhanh, vinh98, fyp",https://www.tiktok.com/@zinh9889/video/7509884368173780242,7509884400335702785,nhạc nền - Dinh,1 videos,Dinh,true
zinh9889,74.8K,7509152391804210439,,2025-05-27 15:46:24,2025-06-05 11:03:26,00:15,2953,305,8,5,24,"搬啤酒的小女孩, 反差, douyin, douyin抖音, viral, thinhhanh, vinh98, fyp",https://www.tiktok.com/@zinh9889/video/7509152391804210439,7509152420523428624,nhạc nền - Dinh,1 videos,Dinh,true
zinh9889,74.8K,7508029845129940242,,2025-05-24 15:10:21,2025-06-05 11:03:42,00:20,38.2K,2048,73,28,164,"搬啤酒的小女孩, 反差, douyin抖音, douyin, viral, thinhhanh, vinh98, fyp",https://www.tiktok.com/@zinh9889/video/7508029845129940242,7508029868216371969,nhạc nền - Dinh,1 videos,Dinh,true
zinh9889,74.8K,7507473753706630407,,2025-05-23 03:12:26,2025-06-05 11:03:55,00:23,3986,378,12,8,25,"搬啤酒的小女孩, 反差, douyin抖音, douyin, viral, thinhhanh, vinh98, fyp",https://www.tiktok.com/@zinh9889/video/7507473753706630407,7507473785164663568,nhạc nền - Dinh,1 videos,Dinh,true
zinh9889,74.8K,7506174385267428626,,2025-05-19 15:10:13,2025-06-05 11:04:08,00:22,16.4K,1049,40,13,68,"搬啤酒的小女孩, 反差, douyin抖音, douyin, viral, thinhhanh, vinh98, fyp",https://www.tiktok.com/@zinh9889/video/7506174385267428626,7506174411800611600,nhạc nền - Dinh,1 videos,Dinh,true
zinh9889,74.8K,7503577400362487047,,2025-05-12 15:12:35,2025-06-05 11:04:24,00:23,17.5K,1240,44,18,96,"搬啤酒的小女孩, 反差, douyin抖音, douyin, viral, thinhhanh, vinh98, fyp",https://www.tiktok.com/@zinh9889/video/7503577400362487047,7503577420595809041,nhạc nền - Dinh,1 videos,Dinh,true
zinh9889,74.8K,7502091516463172882,,2025-05-08 15:06:36,2025-06-05 11:04:40,00:20,148.6K,4363,163,56,303,"搬啤酒的小女孩, 反差, douyin抖音, douyin, viral, thinhhanh, vinh98, fyp",https://www.tiktok.com/@zinh9889/video/7502091516463172882,7502091543139093264,nhạc nền - Dinh,4 videos,Dinh,true
zinh9889,74.8K,7500978716936473874,,2025-05-05 15:08:22,2025-06-05 11:05:01,00:15,28.6K,2008,73,14,114,"搬啤酒的小女孩, 反差, douyin抖音, douyin, viral, thinhhanh, vinh98, fyp",https://www.tiktok.com/@zinh9889/video/7500978716936473874,7500978739514886928,nhạc nền - Dinh,1 videos,Dinh,true
zinh9889,74.8K,7499495929565678866,,2025-05-01 15:14:24,2025-06-05 11:05:18,00:05,19.7K,1352,55,10,74,"搬啤酒的小女孩, 反差, douyin抖音, douyin, viral, thinhhanh, vinh98, fyp",https://www.tiktok.com/@zinh9889/video/7499495929565678866,7486435454305291009,nhạc nền - 𝗗𝗞 𝗠𝗨𝗦𝗜𝗖,31.1K videos,𝗗𝗞 𝗠𝗨𝗦𝗜𝗖,false
zinh9889,74.8K,7498382266326895890,,2025-04-28 15:12:49,2025-06-05 11:05:32,00:16,37.3K,2498,81,28,132,"搬啤酒的小女孩, 反差, douyin抖音, douyin, viral, thinhhanh, vinh98, fyp",https://www.tiktok.com/@zinh9889/video/7498382266326895890,7498382292646300432,nhạc nền - Dinh,1 videos,Dinh,true
zinh9889,74.8K,7497276422512282888,,2025-04-25 15:41:35,2025-06-05 11:05:45,00:16,34.3K,1861,48,26,127,"搬啤酒的小女孩, 反差, douyin抖音, douyin, viral, thinhhanh, vinh98, fyp",https://www.tiktok.com/@zinh9889/video/7497276422512282888,7497276445930048273,nhạc nền - Dinh,2 videos,Dinh,true
zinh9889,74.8K,7496414257928588552,,2025-04-23 07:55:56,2025-06-05 11:06:03,00:16,12.4K,860,23,8,78,"搬啤酒的小女孩, 反差, douyin抖音, douyin, viral, thinhhanh, vinh98, fyp",https://www.tiktok.com/@zinh9889/video/7496414257928588552,7496414283614391057,nhạc nền - Dinh,1 videos,Dinh,true
zinh9889,74.8K,7494924061894610194,,2025-04-19 07:33:13,2025-06-05 11:06:18,00:16,39.6K,2357,86,21,145,"搬啤酒的小女孩, 反差, douyin抖音, douyin, viral, thinhhanh, vinh98, fyp",https://www.tiktok.com/@zinh9889/video/7494924061894610194,7494924091300891409,nhạc nền - Dinh,1 videos,Dinh,true
zinh9889,74.8K,7493185791934418184,,2025-04-14 15:07:50,2025-06-05 11:06:31,00:16,15.4K,1246,45,10,63,"搬啤酒的小女孩, 反差, douyin抖音, douyin, viral, thinhhanh, vinh98, fyp",https://www.tiktok.com/@zinh9889/video/7493185791934418184,7493185824721226512,nhạc nền - Dinh,1 videos,Dinh,true
zinh9889,74.8K,7492076628370050311,,2025-04-11 15:23:43,2025-06-05 11:06:44,00:24,28.7K,2054,75,20,105,"搬啤酒的小女孩, 反差, douyin抖音, douyin, viral, thinhhanh, vinh98, fyp",https://www.tiktok.com/@zinh9889/video/7492076628370050311,7492076652156898065,nhạc nền - Dinh,1 videos,Dinh,true
00.25.d,196.4K,7483761910639234322,Check 🙂‍↕️,2025-03-20 05:38:22,2025-06-05 11:07:47,00:24,,204,3,13,31,"bbnotiktok, lyrics, lyricsvideo, lyrics_songs, musicvideos, lyricsedits, lyricsedit, edits, kenlyrics, fyp, foryou, foryoupage",https://www.tiktok.com/@00.25.d/video/7483761910639234322,7446569853668313089,check,85K videos,bbno$,false
00.25.d,196.4K,7484023067153403143,The Notebook,2025-03-20 22:31:47,2025-06-05 11:08:08,00:13,,118,1,1,6,"lyrics, lyricsvideo, lyrics_songs, musicvideos, lyricsmusic, edits, lyricsedits, lyricsedit, kenlyrics, fyp, foryou, foryoupage",https://www.tiktok.com/@00.25.d/video/7484023067153403143,7449617532300740624,THE NOTEBOOK,532 videos,millkzy,false
00.25.d,196.4K,7484110329635491090,Collide 😍😫,2025-03-21 04:10:25,2025-06-05 11:08:27,00:25,,1002,0,26,109,"lyrics, lyricsvideo, lyrics_songs, musicvideos, lyricsmusic, edits, lyricsedits, lyricsedit, kenlyrics, fyp, foryou, foryoupage",https://www.tiktok.com/@00.25.d/video/7484110329635491090,7078168309778089986,Collide,280.5K videos,justineskye|Tyga,false
00.25.d,196.4K,7484246139873676552,jay silva - McHardy,2025-03-21 12:57:26,2025-06-05 11:08:46,00:14,,94,2,3,7,"lyrics, lyricsvideo, lyrics_songs, musicvideos, lyricsmusic, edits, lyricsedits, lyricsedit, kenlyrics, fyp, foryou, foryoupage",https://www.tiktok.com/@00.25.d/video/7484246139873676552,7261091416243505153,McHardy,12.1K videos,Jay Silva,false
00.25.d,196.4K,7484280837811244296,This song 🤤😮‍💨😩,2025-03-21 15:12:04,2025-06-05 11:09:08,00:24,,152,5,10,13,"lyrics, lyricsvideo, lyrics_songs, musicvideos, lyricsmusic, lyricsedits, lyricsedit, edits, kenlyrics, fyp, foryou, foryoupage, bbnotiktok",https://www.tiktok.com/@00.25.d/video/7484280837811244296,7446569853668313089,check,85K videos,bbno$,false
00.25.d,196.4K,7484386175201938696,Best part,2025-03-21 22:00:50,2025-06-05 11:09:28,00:15,,256.4K,503,14.4K,29K,"danielcaesar, lyrics, lyricsvideo, lyrics_songs, musicvideos, lyricsmusic, lyricsedits, lyricsedit, edits, kenlyrics, fyp, foryou, foryoupage",https://www.tiktok.com/@00.25.d/video/7484386175201938696,7318882037677574918,som original,38.9K videos,★,false
00.25.d,196.4K,7484561450984328456,yung fazo - all in motion,2025-03-22 09:21:00,2025-06-05 11:09:46,00:13,,91,1,5,7,"lyrics, lyricsvideo, lyrics_songs, musicvideos, lyricsmusic, lyricsedits, lyricsedits, kenlyrics, edits, fyp, foryou, foryoupage",https://www.tiktok.com/@00.25.d/video/7484561450984328456,7462131374281082896,ALL IN MOTION,1081 videos,fazo,false
00.25.d,196.4K,7484638492971044103,This era 😫,2025-03-22 14:19:57,2025-06-05 11:10:06,00:38,,431,0,6,42,"lyrics, lyricsvideo, lyrics_songs, musicvideos, lyricsmusic, lyricsedits, lyricsedit, kenlyrics, edits, fyp, foryou, foryoupage",https://www.tiktok.com/@00.25.d/video/7484638492971044103,6715938281680291841,Roses (feat. ROZES),41.1K videos,The Chainsmokers|ROZES,false
00.25.d,196.4K,7484774454355070215,russian roulette,2025-03-22 23:07:33,2025-06-05 11:10:27,00:20,,146,1,4,8,"lyrics, lyricsvideo, lyrics_songs, musicvideos, lyricsmusic, lyricsedits, lyricsedit, edits, kenlyrics, fyp, foryou, foryoupage",https://www.tiktok.com/@00.25.d/video/7484774454355070215,7320292247806969857,RUSSIAN ROULETTE(I ADORE U),8705 videos,millkzy,false
00.25.d,196.4K,7484865455476247815,Are you falling in love?,2025-03-23 05:00:41,2025-06-05 11:10:46,00:12,,418,4,3,70,"lyrics, lyricsvideo, lyrics_songs, musicvideos, lyricsmusic, lyricsedits, lyricsedit, edits, kenlyrics, fyp, foryou, foryoupage",https://www.tiktok.com/@00.25.d/video/7484865455476247815,7334882837757397766,a new kind of love,14.7K videos,Elldzs★,false
00.25.d,196.4K,7485130103257648391,B.E.D,2025-03-23 22:07:39,2025-06-05 11:11:01,00:16,,209,2,13,30,"jacquees, lyrics, lyricsvideo, lyrics_songs, musicvideos, lyricsmusic, lyricsedits, lyricsedit, edits, kenlyrics, fyp, foryou, foryoupage",https://www.tiktok.com/@00.25.d/video/7485130103257648391,7150985542157617946,เสียงต้นฉบับ - Thai lyrics,136.2K videos,𝐓𝐇𝐀𝐈 𝐋𝐘𝐑𝐈𝐂𝐒,false
00.25.d,196.4K,7485226535616564487,sparks coldplay,2025-03-24 04:21:52,2025-06-05 11:11:16,00:20,,379,2,18,39,"coldplay, lyrics, lyricsvideo, lyrics_songs, musicvideos, lyricsmusic, lyricsedits, lyricsedit, edits, kenlyrics, fyp, foryou, foryoupage",https://www.tiktok.com/@00.25.d/video/7485226535616564487,6711175901154904065,Sparks,503.2K videos,coldplay,false
00.25.d,196.4K,7485394032831565074,she looks just like a dream😫,2025-03-24 15:11:50,2025-06-05 11:11:34,00:14,,2512,19,194,366,"lyrics, lyricsvideo, lyrics_songs, musicvideos, lyricsmusic, lyricsedits, lyricsedit, edits, kenlyrics, fyp, foryou, foryoupage",https://www.tiktok.com/@00.25.d/video/7485394032831565074,7285428021817854726,som original,90.5K videos,stella,false
00.25.d,196.4K,7485521694392651016,too good to say goodbye,2025-03-24 23:27:14,2025-06-05 11:11:48,00:27,,753,6,41,65,"brunomars, lyrics, lyricsvideo, lyrics_songs, musicvideos, lyricsmusic, lyricsedits, lyricsedit, edits, kenlyrics, fyp, foryou, foryoupage",https://www.tiktok.com/@00.25.d/video/7485521694392651016,165060144786161664,Too Good To Say Goodbye,20.5K videos,Bruno Mars,false
00.25.d,196.4K,7485656188982480136,slow dancing in the dark,2025-03-25 08:09:08,2025-06-05 11:12:06,00:38,,17K,21,439,1871,"joji, lyrics, lyricsvideo, lyrics_songs, musicvideos, lyricsmusic, lyricsedits, lyricsedit, edits, kenlyrics, fyp, foryou, foryoupage",https://www.tiktok.com/@00.25.d/video/7485656188982480136,7477770854164695813,som original,10.7K videos,️,false
00.25.d,196.4K,7485753732676979986,titibo titibo,2025-03-25 14:27:39,2025-06-05 11:12:20,00:22,,177,6,9,13,"lyrics, lyricsvideo, lyrics_songs, musicvideos, lyricsmusic, lyricsedits, lyricsedit, edits, kenlyrics, fyp, foryou, foryoupage",https://www.tiktok.com/@00.25.d/video/7485753732676979986,7047356882537089818,Use this sound if you think raven is hot n pretty,43.7K videos,r,false
00.25.d,196.4K,7485877986097515783,My love for you 😫🥰,2025-03-25 22:29:49,2025-06-05 11:12:38,00:26,,472,4,36,57,"lyrics, lyricsvideo, lyrics_songs, musicvideos, lyricsmusic, lyricsedits, lyricsedit, edits, kenlyrics, fyp, foryou, foryoupage",https://www.tiktok.com/@00.25.d/video/7485877986097515783,7370616328081901584,Love For You,206.5K videos,LOVELI LORI|ChanXeng Ci🇰🇵,false
00.25.d,196.4K,7485885828065971463,The look of love,2025-03-25 23:00:15,2025-06-05 11:12:55,00:22,,15.9K,51,369,1896,"articmonkeys, lyrics, lyricsvideo, lyrics_songs, musicvideos, lyricsmusic, lyricsedits, lyricsedit, edits, kenlyrics, fyp, foryou, foryoupage",https://www.tiktok.com/@00.25.d/video/7485885828065971463,7304715980654054176,original sound,1.6M videos,☆☆,false
00.25.d,196.4K,7486013721811225864,ME JALO,2025-03-26 07:16:33,2025-06-05 11:13:13,00:15,,261.7K,432,6423,27.2K,"fuerzaregida, lyrics, lyricsvideo, lyrics_songs, musicvideos, lyricsmusic, lyricsedits, lyricsedit, edits, kenlyrics, fyp, foryou, foryoupage",https://www.tiktok.com/@00.25.d/video/7486013721811225864,7477418977808878391,sonido original,244.1K videos,Diana Cuéllar,false
00.25.d,196.4K,7486117486950223122,lovers / enemies,2025-03-26 13:59:12,2025-06-05 11:13:28,00:16,,165,1,7,6,"lyrics, lyricsvideo, lyrics_songs, musicvideos, lyricsmusic, lyricsedits, lyricsedit, edits, kenlyrics, fyp, foryou, foryoupage",https://www.tiktok.com/@00.25.d/video/7486117486950223122,7484279229971548161,lovers / enemies,23 videos,updog,false
lavieenrose2107,71.3K,7495262852060663047,Nhanh các bác ơi không là không kịp❗️❗️❗️,2025-04-20 05:27:54,2025-06-05 11:13:58,00:00,,212,30,4,18,"capcut, hanibabe, hanireviewchanthatkhongnoidieu, haniotrungquoc, dcgr, giaiphongmiennam, vietnam, doclap, hoabinh, yeunuoc, toiyeuvietnam, vietnamtoiyeu, aff, tiktokshop, aovietnam, thoitrang, charm, pandora",https://www.tiktok.com/@lavieenrose2107/video/7495262852060663047,7434449668957915905,nhạc nền - woowhasisb,45.9K videos,woowhasisb,false
lavieenrose2107,71.3K,7495595858726063377,Cơ hội & Thách thức cho Việt Nam trong thời gian tới❤️🇻🇳,2025-04-21 03:00:08,2025-06-05 11:14:12,00:47,,14.3K,1116,280,814,"hanibabe, hanireviewchanthatkhongnoidieu, haniotrungquoc, dcgr, vietnam, kinhte, chinhtri, learnontiktok, doanhnghiep, kinhdoanh, fyp, viral, xuhuong, thinhhanh, trending",https://www.tiktok.com/@lavieenrose2107/video/7495595858726063377,7495595935603411713,nhạc nền - Hani Babe,5 videos,Hani Babe,true
lavieenrose2107,71.3K,7496030365753068807,Tắm xong ai cũng iu luôn vì không còn “ghét” 😆,2025-04-22 07:06:14,2025-06-05 11:14:29,00:00,,3799,130,69,504,"hanibabe, hanireviewchanthatkhongnoidieu, haniotrungquoc, dcgr, vietnam, tiktokshop, gangtay, taytebaochet, taytbc, glaglow",https://www.tiktok.com/@lavieenrose2107/video/7496030365753068807,7430689043853477951,,,,false
lavieenrose2107,71.3K,7496042356584566036,,2025-04-22 07:52:46,2025-06-05 11:14:44,,,610,68,632,29,"hanibabe, hanireviewchanthatkhongnoidieu, haniotrungquoc, chatgpt, suaanh, photoshop, fyp, viral",https://www.tiktok.com/@lavieenrose2107/photo/7496042356584566036,7429884052989971217,nhạc nền - [N]hư ♡ [TT] Hà,54.9K videos,[N]hư•[N]guyễn•[ST],false
lavieenrose2107,71.3K,7496341520627272980,Mua mèo trả góp 🙈,2025-04-23 03:13:41,2025-06-05 11:15:01,01:13,,676,40,7,49,"hanibabe, hanireviewchanthatkhongnoidieu, haniotrungquoc, fyp, viral, dcgr, trungquoc, kinhte, dichvu, thucung, pets, petshop, muaban, chomeo, kinhdoanh, xuhuong, thinhhanh",https://www.tiktok.com/@lavieenrose2107/video/7496341520627272980,7274026617033558077,UNSTOPPABLE EVENING,278.5K videos,,false
lavieenrose2107,71.3K,7496369308163968273,Gặp mợ thì cứ 10 ngày là có 2 nô tì xuống giếng 🫠,2025-04-23 05:01:31,2025-06-05 11:15:19,,,26K,691,2754,3408,"hanibabe, hanireviewchanthatkhongnoidieu, haniotrungquoc, fyp, viral, dcgr, vietnam, hue, langkhaidinh, chupanh, chupanhdep, chupanhnghethuat, anhdep, xuhuong, cophuc, cophucvietnam, aodai, aodaivietnam, yeuvietnam, vanhoa, truyenthong",https://www.tiktok.com/@lavieenrose2107/photo/7496369308163968273,7200710554493684506,nhạc nền - 英子❋,5094 videos,英子❋,false
lavieenrose2107,71.3K,7497114626736360720,Hết “ghét” nổi😬😬😬,2025-04-25 05:13:44,2025-06-05 11:15:38,00:00,,411,13,8,51,"hanibabe, hanireviewchanthatkhongnoidieu, haniotrungquoc, fyp, viral, dcgr, xuhuong, tiktokshop, gangtay, gangtaytebaochet, glaglow, gangtam, skincare, lamsach, chamsoc, chamsoccothe",https://www.tiktok.com/@lavieenrose2107/video/7497114626736360720,7497114677651393297,nhạc nền - Hani Babe,1 videos,Hani Babe,true
lavieenrose2107,71.3K,7497147621295803665,"Bỏ qua ngoại hình đi, t phải nấu cơm nhà thôi ahuhu 😭",2025-04-25 07:21:46,2025-06-05 11:15:59,01:15,,4529,308,104,260,"hanibabe, hanireviewchanthatkhongnoidieu, haniotrungquoc, fyp, viral, dcgr, nauan, comnha, vietnam, toiyeuvietnam, vietnamtoiyeu, amthuc, amthucvietnam",https://www.tiktok.com/@lavieenrose2107/video/7497147621295803665,7167047544189487105,Recollection (full orchestra)(1347843),55.6K videos,,false
lavieenrose2107,71.3K,7497531261913779477,❌Trượt VISA thăm thân mà lại cố đánh võng qua VISA du lịch?,2025-04-26 08:10:29,2025-06-05 11:16:18,01:12,,1272,91,30,89,"hanibabe, hanireviewchanthatkhongnoidieu, haniotrungquoc, fyp, viral, dcgr, vietnam, trungquoc, visa, haiquan, learnontiktok, chiase, kinhnghiem",https://www.tiktok.com/@lavieenrose2107/video/7497531261913779477,7167047544189487105,Recollection (full orchestra)(1347843),55.6K videos,,false
lavieenrose2107,71.3K,7497856226512932114,"Chúng ta xem diễu binh chứ không phải xem show. Sự kiện nâng tầm vóc của Việt Nam trong mắt bạn bè quốc tế không phải để mang ra đùa giỡn. Hãy cổ vũ những người lính một cách hào hùng và thân tình, đầy đủ sự tôn trọng và trang nghiêm🇻🇳",2025-04-27 05:11:31,2025-06-05 11:16:33,02:03,,54.6K,4919,2737,3146,"hanibabe, hanireviewchanthatkhongnoidieu, haniotrungquoc, fyp, viral, dcgr, vietnam, toiyeuvietnam, vietnamtoiyeu, dieubinh, giaiphongmiennam, quandoinhandanvietnam, xuhuong, thinhhanh",https://www.tiktok.com/@lavieenrose2107/video/7497856226512932114,7497856296234994449,nhạc nền - Hani Babe,4 videos,Hani Babe,true
lavieenrose2107,71.3K,7498911212730649876,Bật ngay VTV cùng hưởng ứng kỷ niệm 50 năm giải phóng miền Nam thống nhất đất nước đồng bào ơi🇻🇳🇻🇳🇻🇳,2025-04-30 01:25:24,2025-06-05 11:16:48,00:19,,772,30,1,21,"hanibabe, hanireviewchanthatkhongnoidieu, haniotrungquoc, fyp, viral, dcgr, vietnam, toiyeuvietnam, vietnamtoiyeu, dieubinh, giaiphongmiennam, quandoinhandanvietnam, yeunuoc, nguoivietnam, vietnamese, thinhhanh, xuhuong",https://www.tiktok.com/@lavieenrose2107/video/7498911212730649876,7467433324286364417,nhạc nền - 𝓕𝓮𝓮𝓵 𝓪𝓷𝓭 𝓒𝓱𝓲𝓵𝓵,26.8K videos,𝓕𝓮𝓮𝓵 𝓪𝓷𝓭 𝓒𝓱𝓲𝓵𝓵ㅤ,false
lavieenrose2107,71.3K,7499004347225853185,Các bác VTV ơi cháu xin có một ý kiến nho nhỏ về cảnh quay lễ diễu binh kỷ niệm 50 năm giải phóng miền Nam thống nhất đất nước ạ!!!🎥🇻🇳,2025-04-30 07:26:48,2025-06-05 11:17:05,01:59,,3697,259,28,194,"hanibabe, hanireviewchanthatkhongnoidieu, haniotrungquoc, fyp, viral, dcgr, vietnam, toiyeuvietnam, vietnamtoiyeu, dieubinh, giaiphongmiennam, quandoinhandanvietnam, qdndvn, yeunuoc, nguoivietnam, vietnamese, vtv, thinhhanh, xuhuong",https://www.tiktok.com/@lavieenrose2107/video/7499004347225853185,7499009566802266896,nhạc nền - Hani Babe,2 videos,Hani Babe,true
lavieenrose2107,71.3K,7499389572904946951,Trả lời,2025-05-01 08:21:41,2025-06-05 11:17:20,03:26,,10.9K,863,170,598,"hanibabe, hanireviewchanthatkhongnoidieu, haniotrungquoc, fyp, viral, dcgr, vietnam, toiyeuvietnam, vietnamtoiyeu, vnpay, vnpaydroneshow, drone, trinhdiendrone, yeunuoc, nguoivietnam, vietnamese, thinhhanh, xuhuong, chiase",https://www.tiktok.com/@lavieenrose2107/video/7499389572904946951,7499389838903331585,nhạc nền - Hani Babe,1 videos,Hani Babe,true
lavieenrose2107,71.3K,7500075277079301396,Trả lời,2025-05-03 04:42:34,2025-06-05 11:17:32,01:25,,2573,278,28,161,"hanibabe, hanireviewchanthatkhongnoidieu, haniotrungquoc, fyp, viral, dcgr, vietnam, toiyeuvietnam, vietnamtoiyeu, yeunuoc, nguoivietnam, vietnamese, thinhhanh, xuhuong, chiase, doclaptudohanhphuc",https://www.tiktok.com/@lavieenrose2107/video/7500075277079301396,7500075433891875601,nhạc nền - Hani Babe,1 videos,Hani Babe,true
lavieenrose2107,71.3K,7500450887756746001,+1 máy luỵ Huế🪭 Việt Nam đẹp quá Việt Nam ơi 🇻🇳,2025-05-04 05:00:07,2025-06-05 11:17:46,00:33,,400,46,3,14,"hanibabe, hanireviewchanthatkhongnoidieu, haniotrungquoc, fyp, viral, dcgr, vietnam, toiyeuvietnam, vietnamtoiyeu, yeunuoc, nguoivietnam, vietnamese, thinhhanh, xuhuong, dulich, dulichvietnam, huế",https://www.tiktok.com/@lavieenrose2107/video/7500450887756746001,7475712175794227984,nhạc nền - Store Bé Hải,57 videos,Store Bé Hải,false
lavieenrose2107,71.3K,7500512971404102933,,2025-05-04 09:01:02,2025-06-05 11:18:00,,,1003,111,17,22,"hanibabe, hanireviewchanthatkhongnoidieu, haniotrungquoc, fyp, viral, dcgr, kyniem, funny, j4f",https://www.tiktok.com/@lavieenrose2107/photo/7500512971404102933,7250508717837142790,nhạc nền - 活烦,60.3K videos,Magic Style Fashion,false
lavieenrose2107,71.3K,7500552088548658449,Bắt được có người ghen rồi nhé=]]]],2025-05-04 11:32:50,2025-06-05 11:18:18,01:03,,14.5K,330,178,702,"hanibabe, hanireviewchanthatkhongnoidieu, haniotrungquoc, fyp, viral, dcgr, dieubinh, quannhan, ngoaigiao, chinhtri, vietnamtrungquoc, j4f, funny, capcut",https://www.tiktok.com/@lavieenrose2107/video/7500552088548658449,7500552231949142800,nhạc nền - Hani Babe,1 videos,Hani Babe,true
lavieenrose2107,71.3K,7500805856112495892,Trả lời,2025-05-05 03:57:35,2025-06-05 11:18:33,02:17,,5673,223,141,497,"hanibabe, hanireviewchanthatkhongnoidieu, haniotrungquoc, fyp, viral, dcgr, dieubinh, quannhan, ngoaigiao, chinhtri, vietnamtrungquoc, quannhantrungquoc, huunghi, hoptac, thinhhanh, xuhuong",https://www.tiktok.com/@lavieenrose2107/video/7500805856112495892,7376236875085236274,Pure music beautiful and romantic ancient style Qingming rain prayer,9509 videos,,false
lavieenrose2107,71.3K,7500889927643581697,Trả lời,2025-05-05 09:23:49,2025-06-05 11:18:45,01:37,60.6K,4463,143,62,228,"hanibabe, hanireviewchanthatkhongnoidieu, haniotrungquoc, fyp, viral, dcgr, dieubinh, quannhan, ngoaigiao, chinhtri, qđndvn🇻🇳🇻🇳🇻🇳, quandoinhandanvietnam, huunghi, hoptac, thinhhanh, xuhuong",https://www.tiktok.com/@lavieenrose2107/video/7500889927643581697,7500890166841281281,nhạc nền - Hani Babe,1 videos,Hani Babe,true
lavieenrose2107,71.3K,7500990033428565268,Xem đi để không bị fomo má hồng AZTK nha các gái! Hãy mua nếu thực sự thích nó🔥🔥🔥,2025-05-05 15:52:17,2025-06-05 11:19:03,00:00,27K,277,33,2,25,"hanibabe, hanireviewchanthatkhongnoidieu, haniotrungquoc, fyp, viral, dcgr, lamdep, makeup, trangdiem, noidiatrung, mahong, blush, aztk, rarebeauty, learnontiktok, tiktokshop, xuhuong, thinhhanh",https://www.tiktok.com/@lavieenrose2107/video/7500990033428565268,7500995260428913424,nhạc nền - Hani Babe,1 videos,Hani Babe,true
laumientayhuedong,80K,7462727216313421074,Lẩu cá kèo tươi như hoa luôn ạ 😘😘,2025-01-22 13:13:01,2025-06-05 11:19:40,00:15,,2269,100,198,150,"trend, bacgiang, xuhuongtiktok, xuhuong, laucakeo, dacsanmientay, laumientayhuedong, lẩu_cá_kèo_lá_giang, vietnam",https://www.tiktok.com/@laumientayhuedong/video/7462727216313421074,7136445672676411393,Cute,13.5M videos,Aurel Surya Lie,false
laumientayhuedong,80K,7466469804623269128,Ok ông em long 9 ngón 😂 😂😂😂,2025-02-01 15:16:10,2025-06-05 11:19:52,00:23,,92,13,4,5,"trend, xuhuongtiktok, xuhuong, long9ngón, bacgiang",https://www.tiktok.com/@laumientayhuedong/video/7466469804623269128,7466469826542848785,nhạc nền - Đông Đủng Đỉnh,1 videos,Đông Đủng Đỉnh,true
laumientayhuedong,80K,7466846578498669832,Chị gái số báo danh 12 xin chào các đồng lẩu cá kèo nhé 😆😆😆,2025-02-02 15:38:14,2025-06-05 11:20:07,00:10,,2215,135,48,98,"trend, xuhuongtiktok, xuhuong, bacgiang, laucakeo, dacsanmientay, laumientayhuedong",https://www.tiktok.com/@laumientayhuedong/video/7466846578498669832,7418123056554380048,Nơi Vực Nơi Trời Remix ll LÊ BẢO BÌNH,297.2K videos,Quý Nhỏ,false
laumientayhuedong,80K,7467190694176771346,"Kẻo cá lầu.Lẩu cá kèo đặc sản Miền Tây ngon ngọt,tươi sống 🥰🥰🥰🥰",2025-02-03 13:53:35,2025-06-05 11:20:25,00:15,,603,43,18,39,"trend, xuhuongtiktok, xuhuong, bacgiang, laucakeo, dacsanmientay, laumientayhuedong",https://www.tiktok.com/@laumientayhuedong/video/7467190694176771346,7226413181120596762,Mật Ngọt - Nam Con Remix,1.4M videos,Dung Hoàng Phạm,false
laumientayhuedong,80K,7468543943467224338,Lẩu Cá Kèo Miền Tây hey hey hey 🥰,2025-02-07 05:24:53,2025-06-05 11:20:41,00:11,,185,10,2,14,"trend, xuhuongtiktok, xuhuong, bacgiang, laucakeo, dacsanmientay, laumientayhuedong",https://www.tiktok.com/@laumientayhuedong/video/7468543943467224338,6930114695370115842,Nhớ Người Hay Nhớ (Special Remix),4.1M videos,ChauDangKhoa|SOFIA OFFICIAL,false
laumientayhuedong,80K,7468664967357631752,Cá kèo đen tươi rói ae nhỉ 🤣🤣🤣🤣,2025-02-07 13:14:31,2025-06-05 11:20:55,00:15,,973,93,33,64,"trend, xuhuongtiktok, xuhuong, bacgiang, laucakeo, dacsanmientay, laumientayhuedong",https://www.tiktok.com/@laumientayhuedong/video/7468664967357631752,7226413181120596762,Mật Ngọt - Nam Con Remix,1.4M videos,Dung Hoàng Phạm,false
laumientayhuedong,80K,7469365081118084360,Tái sinh nồi lẩu cá kèo của azai đến từ phương xa 🥰🥰🥰🥰🥰🥰🥰🥰🥰,2025-02-09 10:31:19,2025-06-05 11:21:10,00:14,,287,39,4,27,"trend, vietnam, xuhuongtiktok, xuhuong, bacgiang, laucakeo, dacsanmientay, lẩu_mắm_miền_tây",https://www.tiktok.com/@laumientayhuedong/video/7469365081118084360,7453420174708886288,nhạc nền - 𝐍𝐡𝐚𝐜 𝐃𝐉 𝐩𝐫𝐨 ♪,22.1K videos,Sonic Beer Garden,false
laumientayhuedong,80K,7470054002567253255,Em zai ép pồ ra thả cá kèo.Uy tín loăn🤣,2025-02-11 07:04:41,2025-06-05 11:21:27,00:12,,432,36,10,25,"trend, vietnam, xuhuongtiktok, xuhuong, bacgiang, laucakeo, dacsanmientay, lẩu_mắm_miền_tây, laumientayhuedong, laumam, laumientay",https://www.tiktok.com/@laumientayhuedong/video/7470054002567253255,7422945949151332368,Chuyến Xe Cuộc Đời - Remix,134.2K videos,Thanh Hưng|Đế Vương Media ✓⃝,false
laumientayhuedong,80K,7472236609233112327,Lẩu cá kèo tại Lẩu và Đặc Sản Miền Tây Huệ Đông,2025-02-17 04:14:19,2025-06-05 11:21:42,00:11,,34K,1395,842,3163,"trend, vietnam, xuhuongtiktok, bacgiang, laucakeo, dacsanmientay, dacsanmientay, laumientayhuedong, laumam",https://www.tiktok.com/@laumientayhuedong/video/7472236609233112327,7453028512355862544,Đổi Tư Thế (KZuy Remix),24.4K videos,AUTH PHONE|Andree Right Hand,false
laumientayhuedong,80K,7472367911479315730,"Quay rồi,quay rồi thả đi,thả đi :)))) Lẩu Cá Kèo vui hết nấc :)))",2025-02-17 12:43:50,2025-06-05 11:21:56,00:12,,23.9K,965,2808,847,"trend, vietnam, xuhuongtiktok, bacgiang, laucakeo, dacsanmientay, laumientayhuedong, laumam",https://www.tiktok.com/@laumientayhuedong/video/7472367911479315730,7453028512355862544,Đổi Tư Thế (KZuy Remix),24.4K videos,AUTH PHONE|Andree Right Hand,false
laumientayhuedong,80K,7474633878162951442,Hồng Hài Nhi đâu chị tới đâyyyyyy 🤣,2025-02-23 15:16:56,2025-06-05 11:22:10,00:16,,15.5K,819,515,670,"trend, vietnam, xuhuongtiktok, bacgiang, laucakeo, dacsanmientay, laumam, xuhuong",https://www.tiktok.com/@laumientayhuedong/video/7474633878162951442,7436410856660191249,Thương Thì Thôi ( Ciray Remix #2 ),187.5K videos,clam.artists,false
laumientayhuedong,80K,7475349422776405256,Lẩu và Đặc Sản Miền Tây Huệ Đông,2025-02-25 13:33:37,2025-06-05 11:22:24,00:12,,627,37,9,37,"vietnam, bacgiang, trend, xuhuongtiktok, laucakeo, dacsanmientay, laumam, xuhuong, trendingvideo",https://www.tiktok.com/@laumientayhuedong/video/7475349422776405256,7436410856660191249,Thương Thì Thôi ( Ciray Remix #2 ),187.5K videos,clam.artists,false
laumientayhuedong,80K,7475704403626937618,Lại thêm 1 Hồng Hài Nhi 2k9 thả cá kèo ạ😘😘😘                                                   🍲 Lẩu Miền Tây Huệ Đông 🍲,2025-02-26 12:31:08,2025-06-05 11:22:41,00:15,,9213,224,174,348,"lẩu_hải_sản_miền_tây, lẩu_cá_kèo_lá_giang, lẩu_mắm_miền_tây, bacgiang, vietnam, trend, xuhuongtiktok, laucakeo, dacsanmientay, xuhuong, trendingvideo, laumientayhuedong",https://www.tiktok.com/@laumientayhuedong/video/7475704403626937618,7436410856660191249,Thương Thì Thôi ( Ciray Remix #2 ),187.4K videos,clam.artists,false
laumientayhuedong,80K,7475900482339310855,Lại là Hồng Hài Nhi thả cá tiếp đây ạ 🍲 Lẩu Miền Tây Huệ Đông 🍲,2025-02-27 01:12:01,2025-06-05 11:22:55,00:08,13.1M,175.7K,2766,3017,10.7K,"lẩu_hải_sản_miền_tây, lẩu_cá_kèo_lá_giang, lẩu_mắm_miền_tây, bacgiang, vietnam, trend, xuhuongtiktok, laucakeo, xuhuong, trendingvideo, laumientayhuedong",https://www.tiktok.com/@laumientayhuedong/video/7475900482339310855,7436410856660191249,Thương Thì Thôi ( Ciray Remix #2 ),187.4K videos,clam.artists,false
laumientayhuedong,80K,7476094723522891016,Thả cá kèo cũng dễ mà phải ko ạ😘 🍲 Lẩu Miền Tây Huệ Đông 🍲,2025-02-27 13:45:46,2025-06-05 11:23:09,00:18,,1334,75,21,113,"lẩu_hải_sản_miền_tây, lẩu_cá_kèo_lá_giang, lẩu_mắm_miền_tây, bacgiang, vietnam, trend, xuhuongtiktok, laucakeo, xuhuong, trendingvideo, laumientayhuedong, dacsanmientay",https://www.tiktok.com/@laumientayhuedong/video/7476094723522891016,7467378639454309137,ĐỊA ĐÀNG DEMO_HOÀNG OANH FT N2T REMIX,183.8K videos,NVC MUSIC,false
laumientayhuedong,80K,7476634249865497863,Hồng Hài Nhi thả cá kèo tiếp nè các sư tỷ 🤡🤡🤡,2025-03-01 00:39:24,2025-06-05 11:23:23,00:15,,35.4K,1061,1710,1269,"xuhuong, bacgiang, trend, xuhuongtiktok, laucakeo, trendingvideo, laumientayhuedong, dacsanmientay, laumam",https://www.tiktok.com/@laumientayhuedong/video/7476634249865497863,7467378639454309137,ĐỊA ĐÀNG DEMO_HOÀNG OANH FT N2T REMIX,183.8K videos,NVC MUSIC,false
laumientayhuedong,80K,7477544039089212690,Chị đẹp diễn viên Hoàng Yến thả cá ạ🥰🥰🥰.,2025-03-03 11:29:51,2025-06-05 11:23:39,00:48,,410,38,9,39,"xuhuong, bacgiang, trend, xuhuongtiktok, laucakeo, trendingvideo, laumientayhuedong, dacsanmientay, laumam, vairal",https://www.tiktok.com/@laumientayhuedong/video/7477544039089212690,7436410856660191249,Thương Thì Thôi ( Ciray Remix #2 ),187.4K videos,clam.artists,false
laumientayhuedong,80K,7477813535246929170,Bác trai thả cá kèo quá là ok phải ko ạ,2025-03-04 04:55:38,2025-06-05 11:23:55,00:07,,39.9K,446,651,1251,"xuhuong, bacgiang, trend, xuhuongtiktok, laucakeo, trendingvideo, laumientayhuedong, laumientayhuedong, dacsanmientay, vairal",https://www.tiktok.com/@laumientayhuedong/video/7477813535246929170,7461418353565125392,nhạc nền - Khoa Lộc Anh Yên,751.4K videos,Khoa Lộc Anh Yên,false
laumientayhuedong,80K,7478193379902360840,Zai đẹp thả cá kèo tý thì ok rồi phải ko,2025-03-05 05:29:38,2025-06-05 11:24:10,00:14,,962,65,14,35,"xuhuong, bacgiang, trend, xuhuongtiktok, laucakeo, trendingvideo, laumientayhuedong, dacsanmientay, vairal, laumam",https://www.tiktok.com/@laumientayhuedong/video/7478193379902360840,7461418353565125392,nhạc nền - Khoa Lộc Anh Yên,751.4K videos,Khoa Lộc Anh Yên,false
laumientayhuedong,80K,7478316711008275730,Ông cháu Hồng Hài Nhi bảo cháu mặc kệ dư luận và phải thả cá kèo lên triệu view chú ạ 🤣🤣🤣🤣,2025-03-05 13:28:13,2025-06-05 11:24:25,00:14,,13.2K,279,268,502,"xuhuong, bacgiang, trend, xuhuongtiktok, laucakeo, trendingvideo, laumientayhuedong, dacsanmientay, vairal, laumam",https://www.tiktok.com/@laumientayhuedong/video/7478316711008275730,7461418353565125392,nhạc nền - Khoa Lộc Anh Yên,751.4K videos,Khoa Lộc Anh Yên,false
laubotuoitrieuchau,15.1K,7421832776229457168,Giảm lớn 30% khi đặt đơn trực tiếp qua Chao Xian,2024-10-04 08:21:42,2025-06-05 11:25:03,00:47,296.2K,5228,71,623,524,"chaoxian, laubotrieuchau, learnontiktok, ancungtiktok, xuhuong, nhahang",https://www.tiktok.com/@laubotuoitrieuchau/video/7421832776229457168,7421833053200255761,nhạc nền - Chao Xian - Lẩu Bò Triều Châu,1 videos,Chao Xian - Lẩu Bò Triều Châu,true
laubotuoitrieuchau,15.1K,7369444908614061313,Thịt bò nhúng nước lọc,2024-05-16 04:10:01,2025-06-05 11:25:19,00:53,366.6K,5791,102,695,526,"chaoxian, laubotrieuchau, learnontiktok, ancungtiktok, xuhuong, nhahang",https://www.tiktok.com/@laubotuoitrieuchau/video/7369444908614061313,7369444960124422929,nhạc nền - Chao Xian - Lẩu Bò Triều Châu,1 videos,Chao Xian - Lẩu Bò Triều Châu,true
laubotuoitrieuchau,15.1K,7506381483561569557,Cao thủ là đây chứ đâu,2025-05-20 04:33:52,2025-06-05 11:25:33,00:20,49.5K,251,10,33,4,"chaoxian, laubotrieuchau, challenge, xuhuong, fyp",https://www.tiktok.com/@laubotuoitrieuchau/video/7506381483561569557,7483035794887363344,nhạc nền - iembumm,5886 videos,iembumm,false
laubotuoitrieuchau,15.1K,7504983868139736340,Mom ơi mom ơi,2025-05-16 10:10:24,2025-06-05 11:25:48,00:31,137K,280,7,53,26,"chaoxian, laubotrieuchau, challenge, xuhuong, fyp",https://www.tiktok.com/@laubotuoitrieuchau/video/7504983868139736340,7488248162822490935,nhạc nền - An Lành🇻🇳,7179 videos,An Lành,false
laubotuoitrieuchau,15.1K,7504582930342169877,Chị đến Chao Xian chưa ạ,2025-05-15 08:14:34,2025-06-05 11:26:04,00:32,32.4K,164,5,37,13,"chaoxian, laubotrieuchau, challenge, xuhuong, fyp",https://www.tiktok.com/@laubotuoitrieuchau/video/7504582930342169877,7504582971962313488,nhạc nền - Chao Xian - Lẩu Bò Triều Châu,1 videos,Chao Xian - Lẩu Bò Triều Châu,true
laubotuoitrieuchau,15.1K,7503823460762701077,Xin bí kíp chị oiiii,2025-05-13 07:07:26,2025-06-05 11:26:19,00:21,2.4M,17.7K,228,1032,642,"chaoxian, laubotrieuchau, challenge, xuhuong, fyp",https://www.tiktok.com/@laubotuoitrieuchau/video/7503823460762701077,7496486223586790150,nhạc nền - ✭LH2T☆,290.1K videos,✭LH2T☆,false
laubotuoitrieuchau,15.1K,7503775441879092500,Chao Xian vẫn đợi bạn,2025-05-13 04:01:05,2025-06-05 11:26:33,00:13,623.6K,4825,87,351,217,"chaoxian, laubotrieuchau, challenge, xuhuong, fyp",https://www.tiktok.com/@laubotuoitrieuchau/video/7503775441879092500,7032291188015123227,nhạc nền - EmƠiCứuAnh,19.8K videos,Lầu Mỹ Thanh,false
laubotuoitrieuchau,15.1K,7503545200254405909,Lần đầu của quán,2025-05-12 13:07:38,2025-06-05 11:26:48,00:19,4.2M,50.7K,4990,2735,1942,"chaoxian, laubotrieuchau, challenge, xuhuong, fyp",https://www.tiktok.com/@laubotuoitrieuchau/video/7503545200254405909,7483035794887363344,nhạc nền - iembumm,5887 videos,iembumm,false
laubotuoitrieuchau,15.1K,7503492633491279125,Anh trai rất dứt khoát,2025-05-12 09:43:39,2025-06-05 11:27:05,00:12,624.3K,1868,16,134,51,"chaoxian, laubotrieuchau, challenge, xuhuong, fyp",https://www.tiktok.com/@laubotuoitrieuchau/video/7503492633491279125,7503492708251568913,nhạc nền - Chao Xian - Lẩu Bò Triều Châu,1 videos,Chao Xian - Lẩu Bò Triều Châu,true
laubotuoitrieuchau,15.1K,7503464661870841106,Anh làm em cứ tưởng,2025-05-12 07:55:06,2025-06-05 11:27:19,00:19,789.8K,3816,26,192,180,"chaoxian, laubotrieuchau, challenge, xuhuong, fyp",https://www.tiktok.com/@laubotuoitrieuchau/video/7503464661870841106,7487963443551996677,nhạc nền - Nguyễn Hiếu,40.6K videos,Nguyễn Hiếu,false
laubotuoitrieuchau,15.1K,7502466780468628757,Chao Xian ngưỡng mộ anh,2025-05-09 15:22:49,2025-06-05 11:27:34,00:18,5.5M,80.8K,570,6796,2930,"chaoxian, laubotrieuchau, challenge, xuhuong, fyp",https://www.tiktok.com/@laubotuoitrieuchau/video/7502466780468628757,7434222942062020609,TRÌNH,10.2K videos,HIEUTHUHAI,false
laubotuoitrieuchau,15.1K,7502412034751991060,Nhân tài ơi hãy lộ diện đi,2025-05-09 11:50:23,2025-06-05 11:27:48,00:17,814.5K,3102,91,292,134,"chaoxian, laubotrieuchau, challenge, xuhuong, fyp",https://www.tiktok.com/@laubotuoitrieuchau/video/7502412034751991060,7092351973931911962,nhạc nền - Thỏ Đi Bar,32.3K videos,Thỏ Music 🎧,false
laubotuoitrieuchau,15.1K,7502295221137378581,Khách ơi có nặng quá không ạ,2025-05-09 04:17:05,2025-06-05 11:28:02,00:17,2M,7068,163,7492,306,"chaoxian, laubotrieuchau, challenge, xuhuong, fyp",https://www.tiktok.com/@laubotuoitrieuchau/video/7502295221137378581,7477771156796263169,nhạc nền - 𝐇𝐨à𝐧𝐠 Ú𝐭 𝐌𝐮𝐬𝐢𝐜 ✈,381.2K videos,𝐇𝐨à𝐧𝐠 Ú𝐭 𝐌𝐮𝐬𝐢𝐜 ✈,false
laubotuoitrieuchau,15.1K,7501635146072755472,Đã ai thử chưa,2025-05-07 09:35:39,2025-06-05 11:28:18,00:19,106.4K,167,30,83,15,"chaoxian, laubotrieuchau, ancungtiktok, xuhuong, nhahang, fyp",https://www.tiktok.com/@laubotuoitrieuchau/video/7501635146072755472,7501635230122412817,nhạc nền - Chao Xian - Lẩu Bò Triều Châu,1 videos,Chao Xian - Lẩu Bò Triều Châu,true
laubotuoitrieuchau,15.1K,7501534969244716295,Chỉ 1 đĩa thui mà b ơii,2025-05-07 03:06:55,2025-06-05 11:28:32,00:08,124.9K,366,28,49,27,"fun, chaoxian, laubotrieuchau, ancungtiktok, xuhuong, nhahang",https://www.tiktok.com/@laubotuoitrieuchau/video/7501534969244716295,7386897788191148801,nhạc nền - Côn díí dỏm,8046 videos,Ninh chó điên,false
laubotuoitrieuchau,15.1K,7496474317262228752,Ăn xong lại thèm,2025-04-23 11:49:00,2025-06-05 11:28:45,00:37,66.7K,189,13,62,27,"chaoxian, laubotrieuchau, ancungtiktok, xuhuong, nhahang",https://www.tiktok.com/@laubotuoitrieuchau/video/7496474317262228752,7496474481469213457,nhạc nền - Chao Xian - Lẩu Bò Triều Châu,1 videos,Chao Xian - Lẩu Bò Triều Châu,true
laubotuoitrieuchau,15.1K,7494563623323389200,Vậy bài học rút ra ở đây là,2025-04-18 08:14:32,2025-06-05 11:28:59,01:04,56.6K,255,15,59,43,"chaoxian, laubotrieuchau, ancungtiktok, xuhuong, nhahang",https://www.tiktok.com/@laubotuoitrieuchau/video/7494563623323389200,7494563916074175233,nhạc nền - Chao Xian - Lẩu Bò Triều Châu,1 videos,Chao Xian - Lẩu Bò Triều Châu,true
laubotuoitrieuchau,15.1K,7493849148609826068,Nghe xong là đi liền nhen,2025-04-16 10:02:00,2025-06-05 11:29:19,00:53,46.4K,163,20,48,44,"chaoxian, laubotrieuchau, learnontiktok, ancungtiktok, xuhuong, nhahang",https://www.tiktok.com/@laubotuoitrieuchau/video/7493849148609826068,7493849193078147856,nhạc nền - Chao Xian - Lẩu Bò Triều Châu,1 videos,Chao Xian - Lẩu Bò Triều Châu,true
laubotuoitrieuchau,15.1K,7492064446857170197,Nhìn làm gì,2025-04-11 14:36:27,2025-06-05 11:29:34,01:01,33.3K,148,18,15,12,"chaoxian, xuhuong, tiktokgiaitri, viral, laubotrieuchau, laubotrieuchau, nhahang",https://www.tiktok.com/@laubotuoitrieuchau/video/7492064446857170197,7492064640826952465,nhạc nền - Chao Xian - Lẩu Bò Triều Châu,1 videos,Chao Xian - Lẩu Bò Triều Châu,true
laubotuoitrieuchau,15.1K,7487499493861100805,Bỏ 30k mua nước chấm ??,2025-03-30 07:22:06,2025-06-05 11:29:50,00:44,30.1K,218,8,21,23,"chaoxian, laubotrieuchau, ancungtiktok, xuhuong, nhahang",https://www.tiktok.com/@laubotuoitrieuchau/video/7487499493861100805,7487499500085431095,nhạc nền - Chao Xian - Lẩu Bò Triều Châu,1 videos,Chao Xian - Lẩu Bò Triều Châu,true
